[{
	"registration":"VC02ELO",
	"make":"BMW",
	"colour":"(255:0:0)",
	"engine":"2300",
	"doors":"3"
},
{
	"registration":"SV66NWB",
	"make":"Mercedes",
	"colour":"(0:255:0)",
	"engine":"1400",
	"doors":"3"
},
{
	"registration":"YO04VRD",
	"make":"Mercedes",
	"colour":"(0:0:0)",
	"engine":"1300",
	"doors":"3"
},
{
	"registration":"LA17NGK",
	"make":"Ford",
	"colour":"(0:255:0)",
	"engine":"1200",
	"doors":"4"
},
{
	"registration":"CN66ABE",
	"make":"Nissan",
	"colour":"(255:255:255)",
	"engine":"1400",
	"doors":"5"
},
{
	"registration":"VW12GYB",
	"make":"Volkswagen",
	"colour":"(255:255:255)",
	"engine":"1400",
	"doors":"4"
},
{
	"registration":"EE17LMN",
	"make":"Vauxhall",
	"colour":"(0:0:255)",
	"engine":"1400",
	"doors":"3"
},
{
	"registration":"FN61RSF",
	"make":"Vauxhall",
	"colour":"(0:0:255)",
	"engine":"2300",
	"doors":"3"
},
{
	"registration":"SF53KGA",
	"make":"Nissan",
	"colour":"(0:0:0)",
	"engine":"1400",
	"doors":"5"
},
{
	"registration":"NS59LDY",
	"make":"Vauxhall",
	"colour":"(255:0:0)",
	"engine":"1200",
	"doors":"3"
},
{
	"registration":"SW58WMF",
	"make":"Vauxhall",
	"colour":"(0:255:0)",
	"engine":"1300",
	"doors":"3"
},
{
	"registration":"FW17DRY",
	"make":"Ford",
	"colour":"(0:0:255)",
	"engine":"2300",
	"doors":"4"
},
{
	"registration":"PS62PEB",
	"make":"BMW",
	"colour":"(0:255:0)",
	"engine":"1000",
	"doors":"4"
},
{
	"registration":"BE05VDB",
	"make":"Toyota",
	"colour":"(0:0:255)",
	"engine":"2300",
	"doors":"5"
},
{
	"registration":"AD59LWF",
	"make":"Honda",
	"colour":"(255:0:0)",
	"engine":"1100",
	"doors":"3"
},
{
	"registration":"NL16HND",
	"make":"Ford",
	"colour":"(0:255:0)",
	"engine":"1100",
	"doors":"3"
},
{
	"registration":"RA63ANW",
	"make":"Toyota",
	"colour":"(0:0:0)",
	"engine":"1300",
	"doors":"5"
},
{
	"registration":"FR61AAH",
	"make":"Mini",
	"colour":"(0:0:255)",
	"engine":"1200",
	"doors":"5"
},
{
	"registration":"LO01YHS",
	"make":"Honda",
	"colour":"(255:255:255)",
	"engine":"2300",
	"doors":"5"
},
{
	"registration":"PS63PKN",
	"make":"Mercedes",
	"colour":"(255:0:0)",
	"engine":"2300",
	"doors":"4"
},
{
	"registration":"DM12GPP",
	"make":"Toyota",
	"colour":"(0:0:0)",
	"engine":"1400",
	"doors":"4"
},
{
	"registration":"HH61GAL",
	"make":"Mini",
	"colour":"(0:255:0)",
	"engine":"1100",
	"doors":"3"
},
{
	"registration":"HO56DPD",
	"make":"Vauxhall",
	"colour":"(0:255:0)",
	"engine":"1400",
	"doors":"5"
},
{
	"registration":"VS53HEG",
	"make":"Volkswagen",
	"colour":"(0:0:255)",
	"engine":"2300",
	"doors":"5"
},
{
	"registration":"PG56WVB",
	"make":"Toyota",
	"colour":"(255:255:255)",
	"engine":"1100",
	"doors":"3"
},
{
	"registration":"SN59CON",
	"make":"Honda",
	"colour":"(0:255:0)",
	"engine":"1600",
	"doors":"4"
},
{
	"registration":"HO02MBA",
	"make":"Ford",
	"colour":"(0:255:0)",
	"engine":"1400",
	"doors":"3"
},
{
	"registration":"HO57BLE",
	"make":"BMW",
	"colour":"(0:255:0)",
	"engine":"1100",
	"doors":"3"
},
{
	"registration":"VY04FDL",
	"make":"Mercedes",
	"colour":"(0:0:255)",
	"engine":"1200",
	"doors":"3"
},
{
	"registration":"AD64VPR",
	"make":"BMW",
	"colour":"(0:0:255)",
	"engine":"1000",
	"doors":"4"
},
{
	"registration":"AG01OFB",
	"make":"Vauxhall",
	"colour":"(0:0:0)",
	"engine":"2000",
	"doors":"4"
},
{
	"registration":"HG66CNB",
	"make":"Ford",
	"colour":"(0:255:0)",
	"engine":"1400",
	"doors":"3"
},
{
	"registration":"SR52KSS",
	"make":"Nissan",
	"colour":"(0:255:0)",
	"engine":"1400",
	"doors":"5"
},
{
	"registration":"NK63WSS",
	"make":"Honda",
	"colour":"(255:255:255)",
	"engine":"1200",
	"doors":"3"
},
{
	"registration":"AB52PBS",
	"make":"Nissan",
	"colour":"(0:255:0)",
	"engine":"1300",
	"doors":"4"
},
{
	"registration":"DV65NAW",
	"make":"Volkswagen",
	"colour":"(0:0:255)",
	"engine":"1100",
	"doors":"5"
},
{
	"registration":"SO56CFP",
	"make":"Volkswagen",
	"colour":"(0:255:0)",
	"engine":"1300",
	"doors":"3"
},
{
	"registration":"GS65OVM",
	"make":"Volkswagen",
	"colour":"(255:255:255)",
	"engine":"1100",
	"doors":"3"
},
{
	"registration":"OA63NKA",
	"make":"Honda",
	"colour":"(0:255:0)",
	"engine":"1100",
	"doors":"3"
},
{
	"registration":"DK62YNG",
	"make":"Ford",
	"colour":"(255:0:0)",
	"engine":"2000",
	"doors":"4"
},
{
	"registration":"NC51YAC",
	"make":"Vauxhall",
	"colour":"(0:0:0)",
	"engine":"1400",
	"doors":"3"
},
{
	"registration":"FR62SNG",
	"make":"Mercedes",
	"colour":"(0:255:0)",
	"engine":"2300",
	"doors":"5"
},
{
	"registration":"SK54YVE",
	"make":"Nissan",
	"colour":"(255:0:0)",
	"engine":"2000",
	"doors":"5"
},
{
	"registration":"BC66VGW",
	"make":"Mercedes",
	"colour":"(0:0:255)",
	"engine":"2000",
	"doors":"4"
},
{
	"registration":"WP15GCE",
	"make":"BMW",
	"colour":"(0:0:255)",
	"engine":"1600",
	"doors":"4"
},
{
	"registration":"HD07EED",
	"make":"Volkswagen",
	"colour":"(0:255:0)",
	"engine":"1000",
	"doors":"4"
},
{
	"registration":"VY51YAD",
	"make":"Volkswagen",
	"colour":"(255:255:255)",
	"engine":"2300",
	"doors":"3"
},
{
	"registration":"WF14SMN",
	"make":"Ford",
	"colour":"(0:255:0)",
	"engine":"1100",
	"doors":"4"
},
{
	"registration":"EY58PVL",
	"make":"Mini",
	"colour":"(255:255:255)",
	"engine":"1600",
	"doors":"5"
},
{
	"registration":"PA53KFW",
	"make":"Mini",
	"colour":"(0:0:255)",
	"engine":"1400",
	"doors":"5"
},
{
	"registration":"EG11VPM",
	"make":"Ford",
	"colour":"(0:0:0)",
	"engine":"1300",
	"doors":"3"
},
{
	"registration":"AE65NFE",
	"make":"Mini",
	"colour":"(0:0:0)",
	"engine":"2000",
	"doors":"5"
},
{
	"registration":"EH12YKB",
	"make":"Mini",
	"colour":"(0:0:255)",
	"engine":"1600",
	"doors":"5"
},
{
	"registration":"YY56WVB",
	"make":"BMW",
	"colour":"(255:255:255)",
	"engine":"1600",
	"doors":"4"
},
{
	"registration":"NE07ONE",
	"make":"Vauxhall",
	"colour":"(0:0:255)",
	"engine":"1200",
	"doors":"5"
},
{
	"registration":"RL12EEN",
	"make":"BMW",
	"colour":"(255:0:0)",
	"engine":"2300",
	"doors":"3"
},
{
	"registration":"VF53HYL",
	"make":"Ford",
	"colour":"(255:255:255)",
	"engine":"2300",
	"doors":"4"
},
{
	"registration":"HB09SHF",
	"make":"Vauxhall",
	"colour":"(0:255:0)",
	"engine":"1100",
	"doors":"5"
},
{
	"registration":"MN02SDL",
	"make":"Mercedes",
	"colour":"(0:0:0)",
	"engine":"1200",
	"doors":"5"
},
{
	"registration":"EE63MRB",
	"make":"BMW",
	"colour":"(0:0:255)",
	"engine":"1300",
	"doors":"5"
},
{
	"registration":"HB58FSF",
	"make":"Nissan",
	"colour":"(0:0:255)",
	"engine":"1600",
	"doors":"3"
},
{
	"registration":"OW17FLR",
	"make":"Mini",
	"colour":"(0:0:255)",
	"engine":"1600",
	"doors":"4"
},
{
	"registration":"MH55KAG",
	"make":"Mercedes",
	"colour":"(255:0:0)",
	"engine":"2000",
	"doors":"4"
},
{
	"registration":"LG05KES",
	"make":"Vauxhall",
	"colour":"(0:0:255)",
	"engine":"1600",
	"doors":"3"
},
{
	"registration":"MR14VCY",
	"make":"Mercedes",
	"colour":"(0:255:0)",
	"engine":"1100",
	"doors":"4"
},
{
	"registration":"HS05FRL",
	"make":"Volkswagen",
	"colour":"(255:255:255)",
	"engine":"2300",
	"doors":"5"
},
{
	"registration":"OW10WPK",
	"make":"Nissan",
	"colour":"(255:255:255)",
	"engine":"1300",
	"doors":"5"
},
{
	"registration":"KH53KOD",
	"make":"BMW",
	"colour":"(255:255:255)",
	"engine":"1100",
	"doors":"4"
},
{
	"registration":"CH13NFO",
	"make":"Volkswagen",
	"colour":"(0:255:0)",
	"engine":"1100",
	"doors":"5"
},
{
	"registration":"ML14ODM",
	"make":"Honda",
	"colour":"(255:255:255)",
	"engine":"2000",
	"doors":"5"
},
{
	"registration":"OF11BLP",
	"make":"Volkswagen",
	"colour":"(0:255:0)",
	"engine":"1300",
	"doors":"5"
},
{
	"registration":"OS15RVP",
	"make":"Vauxhall",
	"colour":"(0:0:0)",
	"engine":"1400",
	"doors":"4"
},
{
	"registration":"OB60GKW",
	"make":"Ford",
	"colour":"(0:0:0)",
	"engine":"2000",
	"doors":"3"
},
{
	"registration":"OF02HDL",
	"make":"Volkswagen",
	"colour":"(0:0:255)",
	"engine":"1300",
	"doors":"5"
},
{
	"registration":"DA57MRS",
	"make":"Mini",
	"colour":"(0:0:255)",
	"engine":"2300",
	"doors":"5"
},
{
	"registration":"NN60APM",
	"make":"BMW",
	"colour":"(0:0:0)",
	"engine":"1000",
	"doors":"4"
},
{
	"registration":"LW09SFA",
	"make":"Honda",
	"colour":"(0:0:0)",
	"engine":"1300",
	"doors":"3"
},
{
	"registration":"PD61DNN",
	"make":"Volkswagen",
	"colour":"(0:255:0)",
	"engine":"1400",
	"doors":"4"
},
{
	"registration":"HW59BBV",
	"make":"Vauxhall",
	"colour":"(0:0:0)",
	"engine":"2300",
	"doors":"5"
},
{
	"registration":"MV61BMS",
	"make":"Toyota",
	"colour":"(255:0:0)",
	"engine":"1600",
	"doors":"5"
},
{
	"registration":"YG05FLW",
	"make":"Mini",
	"colour":"(0:0:0)",
	"engine":"1200",
	"doors":"4"
},
{
	"registration":"FD53VGP",
	"make":"Honda",
	"colour":"(255:255:255)",
	"engine":"2000",
	"doors":"3"
},
{
	"registration":"MV11VOH",
	"make":"Mini",
	"colour":"(0:0:0)",
	"engine":"1200",
	"doors":"4"
},
{
	"registration":"BG61OBF",
	"make":"Vauxhall",
	"colour":"(255:0:0)",
	"engine":"2300",
	"doors":"3"
},
{
	"registration":"SR03WED",
	"make":"BMW",
	"colour":"(0:0:0)",
	"engine":"1100",
	"doors":"4"
},
{
	"registration":"KG13MSS",
	"make":"Volkswagen",
	"colour":"(0:255:0)",
	"engine":"1600",
	"doors":"3"
},
{
	"registration":"VL07DDL",
	"make":"Mercedes",
	"colour":"(0:0:255)",
	"engine":"1000",
	"doors":"5"
},
{
	"registration":"KG54VNW",
	"make":"Vauxhall",
	"colour":"(0:0:0)",
	"engine":"1300",
	"doors":"5"
},
{
	"registration":"YK14DWN",
	"make":"Volkswagen",
	"colour":"(255:0:0)",
	"engine":"2000",
	"doors":"3"
},
{
	"registration":"OC62GYL",
	"make":"Mercedes",
	"colour":"(255:0:0)",
	"engine":"2300",
	"doors":"3"
},
{
	"registration":"NP58DMS",
	"make":"Ford",
	"colour":"(0:0:0)",
	"engine":"1000",
	"doors":"4"
},
{
	"registration":"BL63LEC",
	"make":"Honda",
	"colour":"(0:0:255)",
	"engine":"1200",
	"doors":"5"
},
{
	"registration":"KD07RDL",
	"make":"Honda",
	"colour":"(255:0:0)",
	"engine":"1100",
	"doors":"3"
},
{
	"registration":"NR12APE",
	"make":"Volkswagen",
	"colour":"(0:0:0)",
	"engine":"1100",
	"doors":"5"
},
{
	"registration":"FE05WGF",
	"make":"Toyota",
	"colour":"(255:0:0)",
	"engine":"1100",
	"doors":"3"
},
{
	"registration":"BD13ELK",
	"make":"Honda",
	"colour":"(0:255:0)",
	"engine":"2000",
	"doors":"4"
},
{
	"registration":"HM06GMP",
	"make":"Volkswagen",
	"colour":"(255:255:255)",
	"engine":"1300",
	"doors":"3"
},
{
	"registration":"YN05EFD",
	"make":"BMW",
	"colour":"(0:0:0)",
	"engine":"2000",
	"doors":"3"
},
{
	"registration":"DF56MKK",
	"make":"Honda",
	"colour":"(255:0:0)",
	"engine":"1600",
	"doors":"3"
},
{
	"registration":"PK08NVS",
	"make":"BMW",
	"colour":"(0:0:0)",
	"engine":"1400",
	"doors":"4"
},
{
	"registration":"KK10RWC",
	"make":"Nissan",
	"colour":"(255:255:255)",
	"engine":"1400",
	"doors":"4"
},
{
	"registration":"OM13PMN",
	"make":"Ford",
	"colour":"(0:0:255)",
	"engine":"1400",
	"doors":"5"
},
{
	"registration":"YC58EBE",
	"make":"Toyota",
	"colour":"(255:255:255)",
	"engine":"1000",
	"doors":"3"
},
{
	"registration":"MK10NPB",
	"make":"Nissan",
	"colour":"(255:255:255)",
	"engine":"1200",
	"doors":"3"
},
{
	"registration":"OM12LER",
	"make":"Mercedes",
	"colour":"(0:0:255)",
	"engine":"2300",
	"doors":"5"
},
{
	"registration":"GR02GOD",
	"make":"Mercedes",
	"colour":"(255:255:255)",
	"engine":"2000",
	"doors":"4"
},
{
	"registration":"YD07SPY",
	"make":"Mercedes",
	"colour":"(255:0:0)",
	"engine":"1300",
	"doors":"4"
},
{
	"registration":"KB63HSV",
	"make":"Ford",
	"colour":"(0:255:0)",
	"engine":"1400",
	"doors":"3"
},
{
	"registration":"RP65LWH",
	"make":"Volkswagen",
	"colour":"(0:255:0)",
	"engine":"1600",
	"doors":"4"
},
{
	"registration":"MG61HCC",
	"make":"Toyota",
	"colour":"(255:255:255)",
	"engine":"2300",
	"doors":"3"
},
{
	"registration":"VS51HFY",
	"make":"BMW",
	"colour":"(0:255:0)",
	"engine":"2000",
	"doors":"5"
},
{
	"registration":"DB66YCV",
	"make":"Nissan",
	"colour":"(255:255:255)",
	"engine":"1200",
	"doors":"3"
},
{
	"registration":"GL51APR",
	"make":"Ford",
	"colour":"(255:255:255)",
	"engine":"1000",
	"doors":"4"
},
{
	"registration":"DM52HFM",
	"make":"Mini",
	"colour":"(0:0:0)",
	"engine":"1200",
	"doors":"3"
},
{
	"registration":"PR63DHA",
	"make":"Ford",
	"colour":"(0:0:0)",
	"engine":"1600",
	"doors":"3"
},
{
	"registration":"WG17LPE",
	"make":"Mini",
	"colour":"(0:0:255)",
	"engine":"1600",
	"doors":"4"
},
{
	"registration":"KA05VDS",
	"make":"Nissan",
	"colour":"(0:255:0)",
	"engine":"2000",
	"doors":"3"
},
{
	"registration":"CA14CAE",
	"make":"Nissan",
	"colour":"(255:0:0)",
	"engine":"1600",
	"doors":"5"
},
{
	"registration":"NE52CLS",
	"make":"Mini",
	"colour":"(0:0:0)",
	"engine":"1300",
	"doors":"4"
},
{
	"registration":"WV09MPW",
	"make":"Honda",
	"colour":"(0:255:0)",
	"engine":"2000",
	"doors":"5"
},
{
	"registration":"ES17WCP",
	"make":"Mercedes",
	"colour":"(255:255:255)",
	"engine":"2300",
	"doors":"3"
},
{
	"registration":"OK12GDE",
	"make":"Mini",
	"colour":"(255:0:0)",
	"engine":"1300",
	"doors":"5"
},
{
	"registration":"RV16HAF",
	"make":"Mini",
	"colour":"(0:0:0)",
	"engine":"2000",
	"doors":"5"
},
{
	"registration":"AO60GLY",
	"make":"Toyota",
	"colour":"(0:0:0)",
	"engine":"1200",
	"doors":"4"
},
{
	"registration":"FE01DSK",
	"make":"Nissan",
	"colour":"(255:255:255)",
	"engine":"2300",
	"doors":"5"
},
{
	"registration":"ES51SWM",
	"make":"Volkswagen",
	"colour":"(0:0:0)",
	"engine":"2300",
	"doors":"4"
},
{
	"registration":"OS11FBW",
	"make":"Vauxhall",
	"colour":"(0:0:0)",
	"engine":"2300",
	"doors":"5"
},
{
	"registration":"AY08RNF",
	"make":"Volkswagen",
	"colour":"(0:255:0)",
	"engine":"1200",
	"doors":"4"
},
{
	"registration":"VC54FCP",
	"make":"Ford",
	"colour":"(0:0:0)",
	"engine":"1600",
	"doors":"5"
},
{
	"registration":"EA15AEV",
	"make":"BMW",
	"colour":"(0:255:0)",
	"engine":"1000",
	"doors":"4"
},
{
	"registration":"SP65DES",
	"make":"Vauxhall",
	"colour":"(0:0:255)",
	"engine":"1000",
	"doors":"4"
},
{
	"registration":"DC17NND",
	"make":"Honda",
	"colour":"(255:0:0)",
	"engine":"1000",
	"doors":"5"
},
{
	"registration":"NB51RFN",
	"make":"BMW",
	"colour":"(0:255:0)",
	"engine":"1100",
	"doors":"4"
},
{
	"registration":"NM55GSS",
	"make":"Nissan",
	"colour":"(255:0:0)",
	"engine":"1400",
	"doors":"4"
},
{
	"registration":"NS56FPA",
	"make":"Honda",
	"colour":"(255:255:255)",
	"engine":"2000",
	"doors":"5"
},
{
	"registration":"GP65DRO",
	"make":"Mini",
	"colour":"(0:0:255)",
	"engine":"1000",
	"doors":"4"
},
{
	"registration":"MF54SKL",
	"make":"Ford",
	"colour":"(0:0:255)",
	"engine":"1100",
	"doors":"4"
},
{
	"registration":"ML03KBY",
	"make":"BMW",
	"colour":"(255:0:0)",
	"engine":"2000",
	"doors":"5"
},
{
	"registration":"OD02SGB",
	"make":"Nissan",
	"colour":"(255:0:0)",
	"engine":"1100",
	"doors":"4"
},
{
	"registration":"NG08AMN",
	"make":"Mercedes",
	"colour":"(0:255:0)",
	"engine":"2000",
	"doors":"4"
},
{
	"registration":"KS03VVB",
	"make":"Vauxhall",
	"colour":"(255:0:0)",
	"engine":"1400",
	"doors":"5"
},
{
	"registration":"RO08KAG",
	"make":"Toyota",
	"colour":"(255:0:0)",
	"engine":"2300",
	"doors":"3"
},
{
	"registration":"KF52DMF",
	"make":"Honda",
	"colour":"(0:0:0)",
	"engine":"1000",
	"doors":"5"
},
{
	"registration":"SR66BFM",
	"make":"Honda",
	"colour":"(0:255:0)",
	"engine":"1400",
	"doors":"5"
},
{
	"registration":"EM02LDY",
	"make":"Volkswagen",
	"colour":"(0:0:0)",
	"engine":"2000",
	"doors":"3"
},
{
	"registration":"LH15AHW",
	"make":"Mini",
	"colour":"(255:255:255)",
	"engine":"1300",
	"doors":"5"
},
{
	"registration":"VS02RHF",
	"make":"Mercedes",
	"colour":"(255:255:255)",
	"engine":"1200",
	"doors":"3"
},
{
	"registration":"DP53KBE",
	"make":"Ford",
	"colour":"(0:0:0)",
	"engine":"1300",
	"doors":"3"
},
{
	"registration":"LK66VNY",
	"make":"Ford",
	"colour":"(255:255:255)",
	"engine":"1300",
	"doors":"3"
},
{
	"registration":"AE15WDS",
	"make":"Volkswagen",
	"colour":"(255:255:255)",
	"engine":"2300",
	"doors":"5"
},
{
	"registration":"RL03VSV",
	"make":"Ford",
	"colour":"(0:255:0)",
	"engine":"1100",
	"doors":"3"
},
{
	"registration":"HD52CFH",
	"make":"Toyota",
	"colour":"(255:255:255)",
	"engine":"1100",
	"doors":"4"
},
{
	"registration":"YY57WSB",
	"make":"Ford",
	"colour":"(0:255:0)",
	"engine":"1000",
	"doors":"3"
},
{
	"registration":"BN10WNM",
	"make":"Mercedes",
	"colour":"(0:255:0)",
	"engine":"1300",
	"doors":"5"
},
{
	"registration":"BM13NSP",
	"make":"Volkswagen",
	"colour":"(255:255:255)",
	"engine":"1300",
	"doors":"4"
},
{
	"registration":"LS52YSE",
	"make":"BMW",
	"colour":"(0:0:0)",
	"engine":"1200",
	"doors":"5"
},
{
	"registration":"GL64SVV",
	"make":"Volkswagen",
	"colour":"(255:0:0)",
	"engine":"2000",
	"doors":"4"
},
{
	"registration":"MF13HVB",
	"make":"Ford",
	"colour":"(0:255:0)",
	"engine":"2300",
	"doors":"5"
},
{
	"registration":"SC17PFE",
	"make":"Vauxhall",
	"colour":"(0:0:0)",
	"engine":"1600",
	"doors":"3"
},
{
	"registration":"FR59WFO",
	"make":"BMW",
	"colour":"(0:0:255)",
	"engine":"2300",
	"doors":"5"
},
{
	"registration":"EK51CGF",
	"make":"Toyota",
	"colour":"(255:255:255)",
	"engine":"1300",
	"doors":"4"
},
{
	"registration":"DP08RAR",
	"make":"Honda",
	"colour":"(0:0:0)",
	"engine":"1300",
	"doors":"3"
},
{
	"registration":"OR05MCO",
	"make":"Toyota",
	"colour":"(0:0:0)",
	"engine":"2300",
	"doors":"5"
},
{
	"registration":"SV53GAA",
	"make":"Mercedes",
	"colour":"(0:0:0)",
	"engine":"1300",
	"doors":"3"
},
{
	"registration":"PA17GAF",
	"make":"Mini",
	"colour":"(0:255:0)",
	"engine":"1600",
	"doors":"5"
},
{
	"registration":"RM03VWY",
	"make":"Toyota",
	"colour":"(255:0:0)",
	"engine":"1100",
	"doors":"3"
},
{
	"registration":"ND10YHR",
	"make":"Toyota",
	"colour":"(0:255:0)",
	"engine":"2300",
	"doors":"5"
},
{
	"registration":"HP13BDN",
	"make":"Mini",
	"colour":"(255:255:255)",
	"engine":"1300",
	"doors":"4"
},
{
	"registration":"WP17KGA",
	"make":"BMW",
	"colour":"(0:0:255)",
	"engine":"1000",
	"doors":"4"
},
{
	"registration":"BE62GKM",
	"make":"Mini",
	"colour":"(0:255:0)",
	"engine":"2000",
	"doors":"4"
},
{
	"registration":"NB55YES",
	"make":"BMW",
	"colour":"(0:0:0)",
	"engine":"1400",
	"doors":"5"
},
{
	"registration":"EN65WDE",
	"make":"Vauxhall",
	"colour":"(255:255:255)",
	"engine":"1600",
	"doors":"5"
},
{
	"registration":"RL09PCM",
	"make":"BMW",
	"colour":"(255:255:255)",
	"engine":"2000",
	"doors":"4"
},
{
	"registration":"FH54LEV",
	"make":"Honda",
	"colour":"(255:0:0)",
	"engine":"2000",
	"doors":"4"
},
{
	"registration":"GN62FNL",
	"make":"Nissan",
	"colour":"(0:0:255)",
	"engine":"1400",
	"doors":"3"
},
{
	"registration":"GF04GSN",
	"make":"Ford",
	"colour":"(255:255:255)",
	"engine":"1100",
	"doors":"4"
},
{
	"registration":"YW17PFH",
	"make":"BMW",
	"colour":"(0:0:0)",
	"engine":"1200",
	"doors":"3"
},
{
	"registration":"BM06YBA",
	"make":"Toyota",
	"colour":"(255:0:0)",
	"engine":"1600",
	"doors":"4"
},
{
	"registration":"RN66VYD",
	"make":"Volkswagen",
	"colour":"(0:0:0)",
	"engine":"1200",
	"doors":"3"
},
{
	"registration":"CB58RVR",
	"make":"BMW",
	"colour":"(255:255:255)",
	"engine":"1600",
	"doors":"3"
},
{
	"registration":"BH66ODK",
	"make":"Mini",
	"colour":"(0:255:0)",
	"engine":"1600",
	"doors":"5"
},
{
	"registration":"RN08PLO",
	"make":"Ford",
	"colour":"(0:0:255)",
	"engine":"1400",
	"doors":"4"
},
{
	"registration":"LK54GBS",
	"make":"Honda",
	"colour":"(255:0:0)",
	"engine":"1100",
	"doors":"5"
},
{
	"registration":"BL12LER",
	"make":"Volkswagen",
	"colour":"(0:0:255)",
	"engine":"1400",
	"doors":"3"
},
{
	"registration":"CO17KYD",
	"make":"Mercedes",
	"colour":"(255:0:0)",
	"engine":"1100",
	"doors":"3"
},
{
	"registration":"SM07VYS",
	"make":"Vauxhall",
	"colour":"(0:0:0)",
	"engine":"1100",
	"doors":"4"
},
{
	"registration":"YV07PMD",
	"make":"BMW",
	"colour":"(0:0:255)",
	"engine":"1300",
	"doors":"3"
},
{
	"registration":"DC02NWO",
	"make":"Mercedes",
	"colour":"(255:255:255)",
	"engine":"2300",
	"doors":"3"
},
{
	"registration":"LY52VCA",
	"make":"Mini",
	"colour":"(0:255:0)",
	"engine":"1300",
	"doors":"5"
},
{
	"registration":"KY52AHK",
	"make":"Ford",
	"colour":"(255:0:0)",
	"engine":"2000",
	"doors":"4"
},
{
	"registration":"MR55PBF",
	"make":"Toyota",
	"colour":"(0:255:0)",
	"engine":"2000",
	"doors":"5"
},
{
	"registration":"KC10BHV",
	"make":"Toyota",
	"colour":"(255:255:255)",
	"engine":"1400",
	"doors":"5"
},
{
	"registration":"DD13NNY",
	"make":"Nissan",
	"colour":"(255:0:0)",
	"engine":"2300",
	"doors":"3"
},
{
	"registration":"WE15PEF",
	"make":"Vauxhall",
	"colour":"(255:255:255)",
	"engine":"2300",
	"doors":"3"
},
{
	"registration":"CY66KLS",
	"make":"BMW",
	"colour":"(255:255:255)",
	"engine":"1400",
	"doors":"5"
},
{
	"registration":"YM06FWF",
	"make":"Ford",
	"colour":"(0:0:0)",
	"engine":"1400",
	"doors":"3"
},
{
	"registration":"GD17KHK",
	"make":"Vauxhall",
	"colour":"(0:0:0)",
	"engine":"1300",
	"doors":"5"
},
{
	"registration":"FG66SCN",
	"make":"Honda",
	"colour":"(255:255:255)",
	"engine":"1100",
	"doors":"3"
},
{
	"registration":"GB02DKR",
	"make":"Toyota",
	"colour":"(255:0:0)",
	"engine":"2300",
	"doors":"5"
},
{
	"registration":"DN53WDE",
	"make":"Mercedes",
	"colour":"(0:255:0)",
	"engine":"1200",
	"doors":"5"
},
{
	"registration":"KC07SPH",
	"make":"Mini",
	"colour":"(0:0:255)",
	"engine":"1200",
	"doors":"5"
},
{
	"registration":"EF53LYP",
	"make":"Volkswagen",
	"colour":"(0:0:255)",
	"engine":"2000",
	"doors":"4"
},
{
	"registration":"VB13ANK",
	"make":"Nissan",
	"colour":"(255:255:255)",
	"engine":"1200",
	"doors":"5"
},
{
	"registration":"FY17AGH",
	"make":"Mercedes",
	"colour":"(255:0:0)",
	"engine":"1100",
	"doors":"3"
},
{
	"registration":"DY51PDG",
	"make":"Honda",
	"colour":"(0:255:0)",
	"engine":"1000",
	"doors":"4"
},
{
	"registration":"VR54OAA",
	"make":"Toyota",
	"colour":"(255:255:255)",
	"engine":"1000",
	"doors":"4"
},
{
	"registration":"OB63NCS",
	"make":"Vauxhall",
	"colour":"(255:255:255)",
	"engine":"1200",
	"doors":"4"
},
{
	"registration":"CV53MVL",
	"make":"Ford",
	"colour":"(0:0:0)",
	"engine":"2300",
	"doors":"5"
},
{
	"registration":"PA66PGH",
	"make":"Honda",
	"colour":"(0:255:0)",
	"engine":"1600",
	"doors":"3"
},
{
	"registration":"KF06WLD",
	"make":"Toyota",
	"colour":"(255:0:0)",
	"engine":"1600",
	"doors":"4"
},
{
	"registration":"VB02HFS",
	"make":"Toyota",
	"colour":"(255:0:0)",
	"engine":"1600",
	"doors":"3"
},
{
	"registration":"AV64YOE",
	"make":"Volkswagen",
	"colour":"(0:0:255)",
	"engine":"1200",
	"doors":"3"
},
{
	"registration":"HL57CRG",
	"make":"BMW",
	"colour":"(255:0:0)",
	"engine":"1100",
	"doors":"3"
},
{
	"registration":"DE14ENN",
	"make":"Honda",
	"colour":"(0:0:0)",
	"engine":"1400",
	"doors":"4"
},
{
	"registration":"NK02RFV",
	"make":"Mini",
	"colour":"(0:255:0)",
	"engine":"2300",
	"doors":"3"
},
{
	"registration":"SY55CBE",
	"make":"Honda",
	"colour":"(0:0:0)",
	"engine":"1000",
	"doors":"5"
},
{
	"registration":"DE56OFD",
	"make":"Toyota",
	"colour":"(255:0:0)",
	"engine":"2300",
	"doors":"3"
},
{
	"registration":"SP57NDM",
	"make":"Vauxhall",
	"colour":"(255:0:0)",
	"engine":"1400",
	"doors":"5"
},
{
	"registration":"MV64VKC",
	"make":"Mini",
	"colour":"(0:0:255)",
	"engine":"1100",
	"doors":"4"
},
{
	"registration":"GC02PFV",
	"make":"Nissan",
	"colour":"(0:0:0)",
	"engine":"1600",
	"doors":"3"
},
{
	"registration":"YG07HYV",
	"make":"Vauxhall",
	"colour":"(255:255:255)",
	"engine":"1000",
	"doors":"3"
},
{
	"registration":"GA60ANC",
	"make":"BMW",
	"colour":"(0:0:255)",
	"engine":"1100",
	"doors":"5"
},
{
	"registration":"KY17GLH",
	"make":"Nissan",
	"colour":"(0:0:0)",
	"engine":"2300",
	"doors":"3"
},
{
	"registration":"LN57RMG",
	"make":"Mini",
	"colour":"(0:255:0)",
	"engine":"1100",
	"doors":"5"
},
{
	"registration":"FM61WWH",
	"make":"Honda",
	"colour":"(0:255:0)",
	"engine":"1400",
	"doors":"5"
},
{
	"registration":"AB17OLP",
	"make":"Mini",
	"colour":"(0:255:0)",
	"engine":"1400",
	"doors":"3"
},
{
	"registration":"ED17SBS",
	"make":"Toyota",
	"colour":"(255:0:0)",
	"engine":"1600",
	"doors":"3"
},
{
	"registration":"OD09MSM",
	"make":"Mini",
	"colour":"(0:255:0)",
	"engine":"2000",
	"doors":"5"
},
{
	"registration":"BK04MEO",
	"make":"Honda",
	"colour":"(0:0:0)",
	"engine":"1100",
	"doors":"3"
},
{
	"registration":"VL51HYV",
	"make":"Volkswagen",
	"colour":"(255:0:0)",
	"engine":"1100",
	"doors":"3"
},
{
	"registration":"LD17SMW",
	"make":"Toyota",
	"colour":"(0:0:0)",
	"engine":"1600",
	"doors":"3"
},
{
	"registration":"SP60ASM",
	"make":"BMW",
	"colour":"(0:255:0)",
	"engine":"2000",
	"doors":"5"
},
{
	"registration":"FV58BEV",
	"make":"Toyota",
	"colour":"(0:0:255)",
	"engine":"1100",
	"doors":"5"
},
{
	"registration":"HK58OHO",
	"make":"Mini",
	"colour":"(0:255:0)",
	"engine":"2000",
	"doors":"5"
},
{
	"registration":"LS61LCW",
	"make":"Mercedes",
	"colour":"(0:255:0)",
	"engine":"1400",
	"doors":"4"
},
{
	"registration":"AP57VVB",
	"make":"Honda",
	"colour":"(0:0:0)",
	"engine":"1200",
	"doors":"3"
},
{
	"registration":"HE52PPL",
	"make":"Ford",
	"colour":"(0:0:0)",
	"engine":"1200",
	"doors":"3"
},
{
	"registration":"OH59DVF",
	"make":"Volkswagen",
	"colour":"(255:0:0)",
	"engine":"1000",
	"doors":"4"
},
{
	"registration":"PG06MWE",
	"make":"BMW",
	"colour":"(0:0:255)",
	"engine":"1100",
	"doors":"5"
},
{
	"registration":"DE52VVF",
	"make":"Volkswagen",
	"colour":"(0:255:0)",
	"engine":"1300",
	"doors":"3"
},
{
	"registration":"PL60AHP",
	"make":"Honda",
	"colour":"(0:0:0)",
	"engine":"1300",
	"doors":"5"
},
{
	"registration":"FL08FPK",
	"make":"Ford",
	"colour":"(255:0:0)",
	"engine":"1400",
	"doors":"5"
},
{
	"registration":"BE04BAD",
	"make":"Nissan",
	"colour":"(0:0:0)",
	"engine":"2000",
	"doors":"3"
},
{
	"registration":"BG65BMG",
	"make":"Honda",
	"colour":"(0:0:0)",
	"engine":"1200",
	"doors":"3"
},
{
	"registration":"KC17BKA",
	"make":"Volkswagen",
	"colour":"(0:255:0)",
	"engine":"1600",
	"doors":"5"
},
{
	"registration":"YF52LWO",
	"make":"Ford",
	"colour":"(0:0:0)",
	"engine":"2300",
	"doors":"3"
},
{
	"registration":"GR17SML",
	"make":"Honda",
	"colour":"(0:0:0)",
	"engine":"1000",
	"doors":"4"
},
{
	"registration":"MD17RPG",
	"make":"Mini",
	"colour":"(0:0:0)",
	"engine":"1600",
	"doors":"3"
},
{
	"registration":"RY07MPS",
	"make":"Mini",
	"colour":"(0:0:255)",
	"engine":"1300",
	"doors":"5"
},
{
	"registration":"AY66OLA",
	"make":"Mercedes",
	"colour":"(255:0:0)",
	"engine":"1400",
	"doors":"5"
},
{
	"registration":"BA14YAC",
	"make":"Volkswagen",
	"colour":"(0:255:0)",
	"engine":"1300",
	"doors":"4"
},
{
	"registration":"PF04WOG",
	"make":"Mini",
	"colour":"(0:255:0)",
	"engine":"1400",
	"doors":"5"
},
{
	"registration":"YE57AHR",
	"make":"Toyota",
	"colour":"(255:255:255)",
	"engine":"1600",
	"doors":"5"
},
{
	"registration":"PH52NBD",
	"make":"Vauxhall",
	"colour":"(0:0:255)",
	"engine":"1600",
	"doors":"4"
},
{
	"registration":"EC15NVM",
	"make":"Vauxhall",
	"colour":"(0:0:0)",
	"engine":"1000",
	"doors":"3"
},
{
	"registration":"OR17PHS",
	"make":"Mercedes",
	"colour":"(0:255:0)",
	"engine":"1300",
	"doors":"3"
},
{
	"registration":"EC02AVS",
	"make":"BMW",
	"colour":"(255:0:0)",
	"engine":"1300",
	"doors":"3"
},
{
	"registration":"YS59CBK",
	"make":"Nissan",
	"colour":"(0:0:255)",
	"engine":"1100",
	"doors":"3"
},
{
	"registration":"LG65YLE",
	"make":"Volkswagen",
	"colour":"(255:0:0)",
	"engine":"1000",
	"doors":"3"
},
{
	"registration":"CB01DPO",
	"make":"Vauxhall",
	"colour":"(0:0:255)",
	"engine":"1600",
	"doors":"4"
},
{
	"registration":"FK58MRS",
	"make":"Ford",
	"colour":"(0:255:0)",
	"engine":"1300",
	"doors":"4"
},
{
	"registration":"AC04WLN",
	"make":"Ford",
	"colour":"(255:0:0)",
	"engine":"1200",
	"doors":"4"
},
{
	"registration":"HO10KNA",
	"make":"Ford",
	"colour":"(0:0:0)",
	"engine":"2000",
	"doors":"5"
},
{
	"registration":"CR61EWM",
	"make":"Honda",
	"colour":"(255:0:0)",
	"engine":"1600",
	"doors":"4"
},
{
	"registration":"KM02BNY",
	"make":"Mini",
	"colour":"(255:255:255)",
	"engine":"1000",
	"doors":"3"
},
{
	"registration":"FC09LNN",
	"make":"Nissan",
	"colour":"(255:255:255)",
	"engine":"1300",
	"doors":"3"
},
{
	"registration":"GM52HAH",
	"make":"Ford",
	"colour":"(0:0:0)",
	"engine":"1100",
	"doors":"4"
},
{
	"registration":"OE58AFA",
	"make":"Honda",
	"colour":"(0:0:0)",
	"engine":"2000",
	"doors":"3"
},
{
	"registration":"VE55BHG",
	"make":"Ford",
	"colour":"(255:0:0)",
	"engine":"1100",
	"doors":"5"
},
{
	"registration":"KV54BEW",
	"make":"Honda",
	"colour":"(0:255:0)",
	"engine":"1600",
	"doors":"3"
},
{
	"registration":"SD04YWF",
	"make":"Nissan",
	"colour":"(0:0:0)",
	"engine":"1400",
	"doors":"5"
},
{
	"registration":"KH01BFF",
	"make":"Ford",
	"colour":"(0:0:255)",
	"engine":"1100",
	"doors":"4"
},
{
	"registration":"BG17WEE",
	"make":"Volkswagen",
	"colour":"(0:255:0)",
	"engine":"1000",
	"doors":"4"
},
{
	"registration":"DK09LVH",
	"make":"Mini",
	"colour":"(0:0:0)",
	"engine":"1400",
	"doors":"4"
},
{
	"registration":"MW07LGD",
	"make":"Volkswagen",
	"colour":"(0:0:0)",
	"engine":"2000",
	"doors":"4"
},
{
	"registration":"BE59KDD",
	"make":"Toyota",
	"colour":"(255:0:0)",
	"engine":"1400",
	"doors":"5"
},
{
	"registration":"DR05FKD",
	"make":"Vauxhall",
	"colour":"(0:255:0)",
	"engine":"1600",
	"doors":"4"
},
{
	"registration":"EC57PNO",
	"make":"Vauxhall",
	"colour":"(0:0:0)",
	"engine":"2300",
	"doors":"5"
},
{
	"registration":"WV58SNK",
	"make":"BMW",
	"colour":"(255:0:0)",
	"engine":"2000",
	"doors":"3"
},
{
	"registration":"PB07DVN",
	"make":"Mini",
	"colour":"(255:0:0)",
	"engine":"1400",
	"doors":"5"
},
{
	"registration":"CK59KNO",
	"make":"Mini",
	"colour":"(0:255:0)",
	"engine":"1600",
	"doors":"4"
},
{
	"registration":"AB65NCL",
	"make":"BMW",
	"colour":"(255:0:0)",
	"engine":"1300",
	"doors":"4"
},
{
	"registration":"OE06DLC",
	"make":"Toyota",
	"colour":"(0:255:0)",
	"engine":"1000",
	"doors":"3"
},
{
	"registration":"MD53FEC",
	"make":"Vauxhall",
	"colour":"(255:255:255)",
	"engine":"1600",
	"doors":"5"
},
{
	"registration":"GY13CHY",
	"make":"Vauxhall",
	"colour":"(0:0:255)",
	"engine":"1200",
	"doors":"4"
},
{
	"registration":"AP17BVG",
	"make":"BMW",
	"colour":"(0:0:255)",
	"engine":"1600",
	"doors":"5"
},
{
	"registration":"NM17CEM",
	"make":"Volkswagen",
	"colour":"(0:0:255)",
	"engine":"2300",
	"doors":"5"
},
{
	"registration":"AB65MGR",
	"make":"Vauxhall",
	"colour":"(0:0:0)",
	"engine":"1100",
	"doors":"4"
},
{
	"registration":"NF03WCA",
	"make":"Toyota",
	"colour":"(0:0:255)",
	"engine":"1000",
	"doors":"4"
},
{
	"registration":"YA65YLK",
	"make":"Mercedes",
	"colour":"(0:0:0)",
	"engine":"1000",
	"doors":"5"
},
{
	"registration":"BO15MPB",
	"make":"Volkswagen",
	"colour":"(0:0:255)",
	"engine":"1300",
	"doors":"5"
},
{
	"registration":"PS16ECW",
	"make":"Mini",
	"colour":"(255:0:0)",
	"engine":"1000",
	"doors":"4"
},
{
	"registration":"DR59FWF",
	"make":"Volkswagen",
	"colour":"(0:255:0)",
	"engine":"1300",
	"doors":"4"
},
{
	"registration":"GA63DFO",
	"make":"Honda",
	"colour":"(0:0:0)",
	"engine":"2300",
	"doors":"3"
},
{
	"registration":"AE04PRB",
	"make":"BMW",
	"colour":"(255:0:0)",
	"engine":"1300",
	"doors":"3"
},
{
	"registration":"MS15VSB",
	"make":"Volkswagen",
	"colour":"(0:255:0)",
	"engine":"1000",
	"doors":"4"
},
{
	"registration":"CM08CKD",
	"make":"Mini",
	"colour":"(255:255:255)",
	"engine":"1400",
	"doors":"4"
},
{
	"registration":"LY10LRY",
	"make":"BMW",
	"colour":"(0:255:0)",
	"engine":"1300",
	"doors":"4"
},
{
	"registration":"KM13YPS",
	"make":"Nissan",
	"colour":"(0:0:255)",
	"engine":"1200",
	"doors":"4"
},
{
	"registration":"RP51PAF",
	"make":"Mercedes",
	"colour":"(0:0:255)",
	"engine":"1200",
	"doors":"5"
},
{
	"registration":"VB17SVG",
	"make":"Honda",
	"colour":"(0:0:255)",
	"engine":"1600",
	"doors":"3"
},
{
	"registration":"HW66CVG",
	"make":"Honda",
	"colour":"(0:255:0)",
	"engine":"1400",
	"doors":"5"
},
{
	"registration":"OG63DVB",
	"make":"Toyota",
	"colour":"(255:255:255)",
	"engine":"1600",
	"doors":"4"
},
{
	"registration":"SO57BBP",
	"make":"Ford",
	"colour":"(0:255:0)",
	"engine":"1300",
	"doors":"4"
},
{
	"registration":"WM60OAM",
	"make":"Ford",
	"colour":"(0:255:0)",
	"engine":"1300",
	"doors":"3"
},
{
	"registration":"ES55BNN",
	"make":"Toyota",
	"colour":"(0:0:0)",
	"engine":"1100",
	"doors":"3"
},
{
	"registration":"ML14GLS",
	"make":"Ford",
	"colour":"(0:0:0)",
	"engine":"2000",
	"doors":"5"
},
{
	"registration":"WO07KRS",
	"make":"BMW",
	"colour":"(255:255:255)",
	"engine":"1400",
	"doors":"5"
},
{
	"registration":"RB15ESG",
	"make":"Ford",
	"colour":"(255:0:0)",
	"engine":"1100",
	"doors":"4"
},
{
	"registration":"CF08OMB",
	"make":"Volkswagen",
	"colour":"(255:0:0)",
	"engine":"1200",
	"doors":"3"
},
{
	"registration":"BK11LWP",
	"make":"Mini",
	"colour":"(255:255:255)",
	"engine":"1600",
	"doors":"5"
},
{
	"registration":"FY57SGG",
	"make":"Volkswagen",
	"colour":"(255:0:0)",
	"engine":"1100",
	"doors":"4"
},
{
	"registration":"RN64LBR",
	"make":"Mini",
	"colour":"(0:0:255)",
	"engine":"2000",
	"doors":"4"
},
{
	"registration":"FV14MDM",
	"make":"BMW",
	"colour":"(255:255:255)",
	"engine":"1200",
	"doors":"3"
},
{
	"registration":"WB54VPY",
	"make":"Mercedes",
	"colour":"(0:0:0)",
	"engine":"1200",
	"doors":"5"
},
{
	"registration":"OC65RWH",
	"make":"Ford",
	"colour":"(0:0:255)",
	"engine":"2300",
	"doors":"4"
},
{
	"registration":"VR02RVM",
	"make":"Volkswagen",
	"colour":"(0:0:255)",
	"engine":"1600",
	"doors":"3"
},
{
	"registration":"ED57WWL",
	"make":"Mercedes",
	"colour":"(0:255:0)",
	"engine":"2300",
	"doors":"3"
},
{
	"registration":"BY17OEY",
	"make":"Toyota",
	"colour":"(255:0:0)",
	"engine":"2300",
	"doors":"5"
},
{
	"registration":"YS56HPV",
	"make":"Toyota",
	"colour":"(255:255:255)",
	"engine":"1100",
	"doors":"4"
},
{
	"registration":"LR01AGF",
	"make":"Volkswagen",
	"colour":"(0:0:255)",
	"engine":"1200",
	"doors":"4"
},
{
	"registration":"OW02FKW",
	"make":"Ford",
	"colour":"(255:0:0)",
	"engine":"1600",
	"doors":"4"
},
{
	"registration":"RG52NRK",
	"make":"Mini",
	"colour":"(0:0:255)",
	"engine":"2000",
	"doors":"5"
},
{
	"registration":"AG59ELK",
	"make":"Vauxhall",
	"colour":"(255:0:0)",
	"engine":"2300",
	"doors":"4"
},
{
	"registration":"NG55FNY",
	"make":"Vauxhall",
	"colour":"(255:255:255)",
	"engine":"1000",
	"doors":"5"
},
{
	"registration":"MV52SNW",
	"make":"Honda",
	"colour":"(0:0:255)",
	"engine":"2300",
	"doors":"3"
},
{
	"registration":"AO12DCB",
	"make":"BMW",
	"colour":"(0:0:255)",
	"engine":"1600",
	"doors":"5"
},
{
	"registration":"RO56FEA",
	"make":"BMW",
	"colour":"(0:0:0)",
	"engine":"2000",
	"doors":"5"
},
{
	"registration":"LE09CLR",
	"make":"Mercedes",
	"colour":"(255:0:0)",
	"engine":"1300",
	"doors":"5"
},
{
	"registration":"DP63GGY",
	"make":"Nissan",
	"colour":"(255:0:0)",
	"engine":"1100",
	"doors":"3"
},
{
	"registration":"OH09BDG",
	"make":"BMW",
	"colour":"(255:255:255)",
	"engine":"1000",
	"doors":"5"
},
{
	"registration":"KA15EEC",
	"make":"Mercedes",
	"colour":"(0:0:255)",
	"engine":"1600",
	"doors":"5"
},
{
	"registration":"BL13NGA",
	"make":"BMW",
	"colour":"(0:255:0)",
	"engine":"1100",
	"doors":"4"
},
{
	"registration":"MK05NMS",
	"make":"Mercedes",
	"colour":"(0:0:255)",
	"engine":"2300",
	"doors":"3"
},
{
	"registration":"SB17HCW",
	"make":"Nissan",
	"colour":"(255:0:0)",
	"engine":"1200",
	"doors":"5"
},
{
	"registration":"GE05CBP",
	"make":"BMW",
	"colour":"(0:255:0)",
	"engine":"1000",
	"doors":"3"
},
{
	"registration":"LE06DFO",
	"make":"Vauxhall",
	"colour":"(255:255:255)",
	"engine":"1000",
	"doors":"5"
},
{
	"registration":"OY51RYD",
	"make":"Toyota",
	"colour":"(255:0:0)",
	"engine":"1000",
	"doors":"4"
},
{
	"registration":"AW65SYH",
	"make":"Ford",
	"colour":"(0:0:255)",
	"engine":"1400",
	"doors":"3"
},
{
	"registration":"MG01VYW",
	"make":"Honda",
	"colour":"(0:0:255)",
	"engine":"2300",
	"doors":"5"
},
{
	"registration":"YR17VBE",
	"make":"Volkswagen",
	"colour":"(0:255:0)",
	"engine":"1400",
	"doors":"5"
},
{
	"registration":"SE03GMO",
	"make":"Mini",
	"colour":"(0:0:255)",
	"engine":"2000",
	"doors":"5"
},
{
	"registration":"AR61VHO",
	"make":"BMW",
	"colour":"(0:255:0)",
	"engine":"1400",
	"doors":"5"
},
{
	"registration":"GH53LCH",
	"make":"Vauxhall",
	"colour":"(0:0:0)",
	"engine":"1600",
	"doors":"5"
},
{
	"registration":"CY04WWN",
	"make":"Toyota",
	"colour":"(0:255:0)",
	"engine":"1600",
	"doors":"4"
},
{
	"registration":"GD53SDR",
	"make":"BMW",
	"colour":"(0:0:0)",
	"engine":"1300",
	"doors":"3"
},
{
	"registration":"NF09DRO",
	"make":"Ford",
	"colour":"(0:255:0)",
	"engine":"1100",
	"doors":"5"
},
{
	"registration":"HC08MGG",
	"make":"BMW",
	"colour":"(0:0:255)",
	"engine":"1200",
	"doors":"3"
},
{
	"registration":"YY51MRA",
	"make":"Mini",
	"colour":"(0:0:255)",
	"engine":"2000",
	"doors":"4"
},
{
	"registration":"RF12YDD",
	"make":"Toyota",
	"colour":"(0:0:0)",
	"engine":"1600",
	"doors":"5"
},
{
	"registration":"KA06LLR",
	"make":"Honda",
	"colour":"(0:0:0)",
	"engine":"1600",
	"doors":"3"
},
{
	"registration":"OB06HSH",
	"make":"Mercedes",
	"colour":"(0:0:255)",
	"engine":"1000",
	"doors":"5"
},
{
	"registration":"LB03CDB",
	"make":"Vauxhall",
	"colour":"(0:0:255)",
	"engine":"1200",
	"doors":"4"
},
{
	"registration":"KW52HPL",
	"make":"Mercedes",
	"colour":"(0:0:0)",
	"engine":"1600",
	"doors":"4"
},
{
	"registration":"RC55RLW",
	"make":"BMW",
	"colour":"(255:255:255)",
	"engine":"1000",
	"doors":"4"
},
{
	"registration":"ES13BWH",
	"make":"Vauxhall",
	"colour":"(0:0:0)",
	"engine":"1200",
	"doors":"3"
},
{
	"registration":"LB06DSF",
	"make":"Mercedes",
	"colour":"(255:0:0)",
	"engine":"1300",
	"doors":"3"
},
{
	"registration":"RC54LWN",
	"make":"Toyota",
	"colour":"(0:255:0)",
	"engine":"1400",
	"doors":"5"
},
{
	"registration":"OO16EOL",
	"make":"Mercedes",
	"colour":"(255:255:255)",
	"engine":"1100",
	"doors":"4"
},
{
	"registration":"LK58GVD",
	"make":"Volkswagen",
	"colour":"(0:0:0)",
	"engine":"1200",
	"doors":"3"
},
{
	"registration":"HK10HWF",
	"make":"Vauxhall",
	"colour":"(0:255:0)",
	"engine":"2000",
	"doors":"3"
},
{
	"registration":"PF04DMR",
	"make":"Volkswagen",
	"colour":"(0:255:0)",
	"engine":"1400",
	"doors":"3"
},
{
	"registration":"FR08ORN",
	"make":"Toyota",
	"colour":"(0:255:0)",
	"engine":"1100",
	"doors":"3"
},
{
	"registration":"DW02SYA",
	"make":"Vauxhall",
	"colour":"(0:0:255)",
	"engine":"1200",
	"doors":"5"
},
{
	"registration":"SO02MOL",
	"make":"Ford",
	"colour":"(255:255:255)",
	"engine":"1100",
	"doors":"3"
},
{
	"registration":"YW62WFC",
	"make":"Vauxhall",
	"colour":"(0:0:0)",
	"engine":"2300",
	"doors":"4"
},
{
	"registration":"RG15KFP",
	"make":"Volkswagen",
	"colour":"(0:0:0)",
	"engine":"2000",
	"doors":"5"
},
{
	"registration":"SH61HOD",
	"make":"Mini",
	"colour":"(255:0:0)",
	"engine":"1000",
	"doors":"3"
},
{
	"registration":"YD13YRM",
	"make":"Toyota",
	"colour":"(255:0:0)",
	"engine":"2000",
	"doors":"3"
},
{
	"registration":"NR04OMK",
	"make":"Toyota",
	"colour":"(0:0:0)",
	"engine":"1200",
	"doors":"4"
},
{
	"registration":"CS01RLV",
	"make":"Toyota",
	"colour":"(0:0:255)",
	"engine":"1600",
	"doors":"3"
},
{
	"registration":"VS15LWD",
	"make":"BMW",
	"colour":"(255:0:0)",
	"engine":"2300",
	"doors":"3"
},
{
	"registration":"YP17NRH",
	"make":"Vauxhall",
	"colour":"(0:0:255)",
	"engine":"1000",
	"doors":"5"
},
{
	"registration":"YY08BDH",
	"make":"Toyota",
	"colour":"(255:255:255)",
	"engine":"1100",
	"doors":"3"
},
{
	"registration":"MB66CFH",
	"make":"Volkswagen",
	"colour":"(0:0:0)",
	"engine":"1400",
	"doors":"3"
},
{
	"registration":"KW17GSS",
	"make":"Ford",
	"colour":"(0:0:0)",
	"engine":"1200",
	"doors":"4"
},
{
	"registration":"GK58VPC",
	"make":"Mini",
	"colour":"(0:255:0)",
	"engine":"1400",
	"doors":"3"
},
{
	"registration":"RP16DYV",
	"make":"Honda",
	"colour":"(0:0:255)",
	"engine":"2300",
	"doors":"3"
},
{
	"registration":"RO59SGB",
	"make":"Vauxhall",
	"colour":"(0:255:0)",
	"engine":"1400",
	"doors":"3"
},
{
	"registration":"FA07NDB",
	"make":"Nissan",
	"colour":"(0:0:0)",
	"engine":"2300",
	"doors":"5"
},
{
	"registration":"AG55YKG",
	"make":"BMW",
	"colour":"(0:255:0)",
	"engine":"1400",
	"doors":"4"
},
{
	"registration":"LY53HFH",
	"make":"Honda",
	"colour":"(0:0:0)",
	"engine":"1000",
	"doors":"5"
},
{
	"registration":"HC52EGD",
	"make":"Toyota",
	"colour":"(0:255:0)",
	"engine":"2300",
	"doors":"5"
},
{
	"registration":"KK53PVR",
	"make":"Mini",
	"colour":"(0:255:0)",
	"engine":"1200",
	"doors":"4"
},
{
	"registration":"SE58OML",
	"make":"Ford",
	"colour":"(255:0:0)",
	"engine":"1400",
	"doors":"3"
},
{
	"registration":"VP08YVO",
	"make":"Honda",
	"colour":"(255:0:0)",
	"engine":"1100",
	"doors":"4"
},
{
	"registration":"DE52CYC",
	"make":"Mercedes",
	"colour":"(255:0:0)",
	"engine":"1400",
	"doors":"5"
},
{
	"registration":"AA09NCW",
	"make":"Vauxhall",
	"colour":"(0:0:255)",
	"engine":"2300",
	"doors":"4"
},
{
	"registration":"KR11EDP",
	"make":"BMW",
	"colour":"(255:0:0)",
	"engine":"1200",
	"doors":"5"
},
{
	"registration":"CA15GBL",
	"make":"BMW",
	"colour":"(0:0:255)",
	"engine":"1600",
	"doors":"3"
},
{
	"registration":"CH53HGO",
	"make":"Mercedes",
	"colour":"(0:0:255)",
	"engine":"2000",
	"doors":"4"
},
{
	"registration":"FA51NBV",
	"make":"Toyota",
	"colour":"(0:0:255)",
	"engine":"1000",
	"doors":"5"
},
{
	"registration":"KR03LGC",
	"make":"Mini",
	"colour":"(0:255:0)",
	"engine":"2000",
	"doors":"5"
},
{
	"registration":"RN17HGM",
	"make":"Nissan",
	"colour":"(0:0:255)",
	"engine":"1000",
	"doors":"4"
},
{
	"registration":"MS62DYA",
	"make":"Toyota",
	"colour":"(255:255:255)",
	"engine":"2300",
	"doors":"5"
},
{
	"registration":"DP62LHO",
	"make":"Volkswagen",
	"colour":"(0:255:0)",
	"engine":"1000",
	"doors":"4"
},
{
	"registration":"EM60SSL",
	"make":"Ford",
	"colour":"(0:0:0)",
	"engine":"1200",
	"doors":"3"
},
{
	"registration":"ND02YPR",
	"make":"BMW",
	"colour":"(255:255:255)",
	"engine":"2000",
	"doors":"5"
},
{
	"registration":"WS64DCN",
	"make":"BMW",
	"colour":"(0:255:0)",
	"engine":"1000",
	"doors":"4"
},
{
	"registration":"DS52KVG",
	"make":"Ford",
	"colour":"(255:0:0)",
	"engine":"1600",
	"doors":"4"
},
{
	"registration":"LD62RYV",
	"make":"BMW",
	"colour":"(0:0:255)",
	"engine":"2000",
	"doors":"5"
},
{
	"registration":"OL58OSW",
	"make":"BMW",
	"colour":"(255:0:0)",
	"engine":"1200",
	"doors":"4"
},
{
	"registration":"EY51CCP",
	"make":"Mini",
	"colour":"(0:255:0)",
	"engine":"1100",
	"doors":"3"
},
{
	"registration":"PN63RLD",
	"make":"Volkswagen",
	"colour":"(0:0:255)",
	"engine":"2000",
	"doors":"4"
},
{
	"registration":"DF16CSD",
	"make":"Volkswagen",
	"colour":"(255:0:0)",
	"engine":"1000",
	"doors":"3"
},
{
	"registration":"MC60YRY",
	"make":"Ford",
	"colour":"(0:0:255)",
	"engine":"2300",
	"doors":"3"
},
{
	"registration":"EV13AOA",
	"make":"Honda",
	"colour":"(255:255:255)",
	"engine":"2000",
	"doors":"5"
},
{
	"registration":"FP13SSN",
	"make":"Volkswagen",
	"colour":"(0:255:0)",
	"engine":"1600",
	"doors":"4"
},
{
	"registration":"PV16ENK",
	"make":"Volkswagen",
	"colour":"(0:0:0)",
	"engine":"1200",
	"doors":"5"
},
{
	"registration":"WL58ROY",
	"make":"Mercedes",
	"colour":"(255:0:0)",
	"engine":"1400",
	"doors":"4"
},
{
	"registration":"OA07RHB",
	"make":"Honda",
	"colour":"(255:255:255)",
	"engine":"1400",
	"doors":"5"
},
{
	"registration":"RB62PCO",
	"make":"Volkswagen",
	"colour":"(0:255:0)",
	"engine":"2000",
	"doors":"4"
},
{
	"registration":"AY04FGG",
	"make":"Ford",
	"colour":"(255:255:255)",
	"engine":"2300",
	"doors":"5"
},
{
	"registration":"HE65GNG",
	"make":"Mini",
	"colour":"(0:0:0)",
	"engine":"2300",
	"doors":"3"
},
{
	"registration":"YK16VCR",
	"make":"Mercedes",
	"colour":"(0:0:0)",
	"engine":"2300",
	"doors":"3"
},
{
	"registration":"AR52LVK",
	"make":"Vauxhall",
	"colour":"(0:255:0)",
	"engine":"1100",
	"doors":"5"
},
{
	"registration":"CM56DHO",
	"make":"Mercedes",
	"colour":"(0:0:0)",
	"engine":"2000",
	"doors":"5"
},
{
	"registration":"SY10KOC",
	"make":"BMW",
	"colour":"(255:0:0)",
	"engine":"1100",
	"doors":"4"
},
{
	"registration":"SC55VHS",
	"make":"Nissan",
	"colour":"(0:0:255)",
	"engine":"1300",
	"doors":"4"
},
{
	"registration":"SK60FGB",
	"make":"Toyota",
	"colour":"(0:0:255)",
	"engine":"1200",
	"doors":"5"
},
{
	"registration":"KN51VAN",
	"make":"Volkswagen",
	"colour":"(255:0:0)",
	"engine":"1400",
	"doors":"5"
},
{
	"registration":"YG04HFK",
	"make":"Mini",
	"colour":"(0:0:0)",
	"engine":"1000",
	"doors":"5"
},
{
	"registration":"GG62OSW",
	"make":"Ford",
	"colour":"(0:0:0)",
	"engine":"1200",
	"doors":"5"
},
{
	"registration":"KP55PYR",
	"make":"BMW",
	"colour":"(255:0:0)",
	"engine":"2300",
	"doors":"4"
},
{
	"registration":"YP51HKF",
	"make":"Toyota",
	"colour":"(0:255:0)",
	"engine":"1100",
	"doors":"3"
},
{
	"registration":"DM52FGE",
	"make":"Nissan",
	"colour":"(0:255:0)",
	"engine":"2300",
	"doors":"4"
},
{
	"registration":"HA61LRH",
	"make":"Mini",
	"colour":"(0:0:255)",
	"engine":"1000",
	"doors":"4"
},
{
	"registration":"WW01YFW",
	"make":"Vauxhall",
	"colour":"(0:0:0)",
	"engine":"1000",
	"doors":"5"
},
{
	"registration":"WR14OLO",
	"make":"Mini",
	"colour":"(0:0:255)",
	"engine":"2000",
	"doors":"3"
},
{
	"registration":"CH60BAW",
	"make":"BMW",
	"colour":"(0:0:0)",
	"engine":"1300",
	"doors":"3"
},
{
	"registration":"PG53GAO",
	"make":"BMW",
	"colour":"(255:255:255)",
	"engine":"2300",
	"doors":"5"
},
{
	"registration":"BN11PKM",
	"make":"Ford",
	"colour":"(0:0:255)",
	"engine":"1400",
	"doors":"3"
},
{
	"registration":"GD11PNV",
	"make":"Mercedes",
	"colour":"(0:0:0)",
	"engine":"2300",
	"doors":"5"
},
{
	"registration":"LP09OWN",
	"make":"Mercedes",
	"colour":"(0:0:255)",
	"engine":"1600",
	"doors":"3"
},
{
	"registration":"DR07KNK",
	"make":"Vauxhall",
	"colour":"(0:0:255)",
	"engine":"1600",
	"doors":"5"
},
{
	"registration":"BS55BAY",
	"make":"Mini",
	"colour":"(255:0:0)",
	"engine":"1300",
	"doors":"4"
},
{
	"registration":"LA52FVD",
	"make":"Volkswagen",
	"colour":"(255:255:255)",
	"engine":"1200",
	"doors":"4"
},
{
	"registration":"HN06MNV",
	"make":"Nissan",
	"colour":"(0:0:0)",
	"engine":"1200",
	"doors":"5"
},
{
	"registration":"EH16RAM",
	"make":"Vauxhall",
	"colour":"(255:255:255)",
	"engine":"1300",
	"doors":"5"
},
{
	"registration":"PS11NGA",
	"make":"Mini",
	"colour":"(255:0:0)",
	"engine":"1100",
	"doors":"4"
},
{
	"registration":"BL52KFO",
	"make":"Mercedes",
	"colour":"(255:255:255)",
	"engine":"2300",
	"doors":"3"
},
{
	"registration":"WS58FPA",
	"make":"BMW",
	"colour":"(0:0:0)",
	"engine":"2300",
	"doors":"5"
},
{
	"registration":"CB51SNP",
	"make":"Vauxhall",
	"colour":"(0:0:255)",
	"engine":"1200",
	"doors":"4"
},
{
	"registration":"WK17NVW",
	"make":"Mini",
	"colour":"(0:0:0)",
	"engine":"2300",
	"doors":"5"
},
{
	"registration":"CN04MBK",
	"make":"Vauxhall",
	"colour":"(255:255:255)",
	"engine":"1600",
	"doors":"3"
},
{
	"registration":"EM64MKL",
	"make":"Honda",
	"colour":"(0:0:0)",
	"engine":"1000",
	"doors":"5"
},
{
	"registration":"OR12HMD",
	"make":"Nissan",
	"colour":"(0:255:0)",
	"engine":"1400",
	"doors":"3"
},
{
	"registration":"FL55OFW",
	"make":"Nissan",
	"colour":"(255:0:0)",
	"engine":"2000",
	"doors":"3"
},
{
	"registration":"YA01MOO",
	"make":"Honda",
	"colour":"(0:0:255)",
	"engine":"1600",
	"doors":"3"
},
{
	"registration":"HL51SOC",
	"make":"Mercedes",
	"colour":"(0:0:255)",
	"engine":"2300",
	"doors":"4"
},
{
	"registration":"EO55VMA",
	"make":"Volkswagen",
	"colour":"(0:255:0)",
	"engine":"2000",
	"doors":"4"
},
{
	"registration":"OK53FVG",
	"make":"Ford",
	"colour":"(0:0:255)",
	"engine":"2000",
	"doors":"3"
},
{
	"registration":"MY56RRG",
	"make":"Mercedes",
	"colour":"(0:0:0)",
	"engine":"1600",
	"doors":"4"
},
{
	"registration":"OF59YCG",
	"make":"BMW",
	"colour":"(0:0:0)",
	"engine":"1100",
	"doors":"4"
},
{
	"registration":"HA17KED",
	"make":"Mercedes",
	"colour":"(0:255:0)",
	"engine":"1300",
	"doors":"3"
},
{
	"registration":"DK04MNP",
	"make":"Toyota",
	"colour":"(0:0:255)",
	"engine":"1600",
	"doors":"5"
},
{
	"registration":"OA04AOP",
	"make":"Mini",
	"colour":"(0:0:255)",
	"engine":"2300",
	"doors":"5"
},
{
	"registration":"RN65SNS",
	"make":"Toyota",
	"colour":"(0:255:0)",
	"engine":"1100",
	"doors":"3"
},
{
	"registration":"RB17ROR",
	"make":"Nissan",
	"colour":"(255:0:0)",
	"engine":"1000",
	"doors":"4"
},
{
	"registration":"KK04YGM",
	"make":"Honda",
	"colour":"(0:0:0)",
	"engine":"1400",
	"doors":"3"
},
{
	"registration":"FS09AMW",
	"make":"Honda",
	"colour":"(255:0:0)",
	"engine":"2300",
	"doors":"3"
},
{
	"registration":"RB07MMO",
	"make":"Vauxhall",
	"colour":"(0:255:0)",
	"engine":"1200",
	"doors":"3"
},
{
	"registration":"EL57PFA",
	"make":"Toyota",
	"colour":"(0:255:0)",
	"engine":"2300",
	"doors":"4"
},
{
	"registration":"VV14MOS",
	"make":"Mercedes",
	"colour":"(0:0:255)",
	"engine":"2000",
	"doors":"3"
},
{
	"registration":"SV04AOP",
	"make":"Mini",
	"colour":"(0:0:0)",
	"engine":"1600",
	"doors":"5"
},
{
	"registration":"SB64EBM",
	"make":"Mini",
	"colour":"(0:0:0)",
	"engine":"1100",
	"doors":"5"
},
{
	"registration":"EK15NYL",
	"make":"Honda",
	"colour":"(255:255:255)",
	"engine":"1100",
	"doors":"5"
},
{
	"registration":"CS56HFA",
	"make":"Mercedes",
	"colour":"(255:0:0)",
	"engine":"1200",
	"doors":"3"
},
{
	"registration":"WO16FDF",
	"make":"BMW",
	"colour":"(0:255:0)",
	"engine":"2000",
	"doors":"3"
},
{
	"registration":"LM53FMA",
	"make":"Volkswagen",
	"colour":"(0:0:255)",
	"engine":"1000",
	"doors":"4"
},
{
	"registration":"SK06OER",
	"make":"Mini",
	"colour":"(0:255:0)",
	"engine":"2300",
	"doors":"5"
},
{
	"registration":"PA17WSD",
	"make":"Mini",
	"colour":"(255:255:255)",
	"engine":"2000",
	"doors":"3"
},
{
	"registration":"CR05EGL",
	"make":"Honda",
	"colour":"(255:0:0)",
	"engine":"1300",
	"doors":"5"
},
{
	"registration":"GO54AVH",
	"make":"Mini",
	"colour":"(255:255:255)",
	"engine":"1000",
	"doors":"5"
},
{
	"registration":"OF60LCD",
	"make":"Honda",
	"colour":"(255:0:0)",
	"engine":"1400",
	"doors":"5"
},
{
	"registration":"KC08BSW",
	"make":"Volkswagen",
	"colour":"(255:255:255)",
	"engine":"2300",
	"doors":"3"
},
{
	"registration":"PP02RLM",
	"make":"Volkswagen",
	"colour":"(255:0:0)",
	"engine":"2300",
	"doors":"4"
},
{
	"registration":"YK53DLL",
	"make":"Toyota",
	"colour":"(0:0:0)",
	"engine":"1200",
	"doors":"4"
},
{
	"registration":"CB55ECV",
	"make":"Volkswagen",
	"colour":"(255:0:0)",
	"engine":"1600",
	"doors":"4"
},
{
	"registration":"GE13FRK",
	"make":"Vauxhall",
	"colour":"(0:255:0)",
	"engine":"1400",
	"doors":"3"
},
{
	"registration":"SS11NEH",
	"make":"Honda",
	"colour":"(255:0:0)",
	"engine":"1300",
	"doors":"4"
},
{
	"registration":"RY01OCS",
	"make":"Nissan",
	"colour":"(255:255:255)",
	"engine":"2000",
	"doors":"3"
},
{
	"registration":"WP04BMA",
	"make":"Mini",
	"colour":"(0:0:255)",
	"engine":"1400",
	"doors":"3"
},
{
	"registration":"SW53WOY",
	"make":"Nissan",
	"colour":"(0:0:255)",
	"engine":"2000",
	"doors":"4"
},
{
	"registration":"HF14FMR",
	"make":"BMW",
	"colour":"(0:0:255)",
	"engine":"2000",
	"doors":"5"
},
{
	"registration":"GB60HAS",
	"make":"Volkswagen",
	"colour":"(255:0:0)",
	"engine":"1200",
	"doors":"5"
},
{
	"registration":"PN07SMK",
	"make":"Mercedes",
	"colour":"(255:255:255)",
	"engine":"1100",
	"doors":"4"
},
{
	"registration":"BS07PBE",
	"make":"Toyota",
	"colour":"(255:255:255)",
	"engine":"1200",
	"doors":"5"
},
{
	"registration":"SO15NRB",
	"make":"Nissan",
	"colour":"(255:0:0)",
	"engine":"1200",
	"doors":"5"
},
{
	"registration":"GC17NGE",
	"make":"BMW",
	"colour":"(255:255:255)",
	"engine":"1100",
	"doors":"4"
},
{
	"registration":"VH59MLE",
	"make":"BMW",
	"colour":"(0:0:0)",
	"engine":"1600",
	"doors":"5"
},
{
	"registration":"PB60PGK",
	"make":"Mercedes",
	"colour":"(0:255:0)",
	"engine":"1600",
	"doors":"4"
},
{
	"registration":"CY03CVC",
	"make":"Ford",
	"colour":"(0:0:255)",
	"engine":"1600",
	"doors":"4"
},
{
	"registration":"NF59NKD",
	"make":"Mini",
	"colour":"(0:255:0)",
	"engine":"1300",
	"doors":"5"
},
{
	"registration":"GP12EKY",
	"make":"BMW",
	"colour":"(0:0:0)",
	"engine":"1600",
	"doors":"3"
},
{
	"registration":"GM60BKE",
	"make":"Toyota",
	"colour":"(0:0:255)",
	"engine":"1100",
	"doors":"4"
},
{
	"registration":"CP04CGR",
	"make":"Honda",
	"colour":"(255:255:255)",
	"engine":"1100",
	"doors":"5"
},
{
	"registration":"FG05DAK",
	"make":"Toyota",
	"colour":"(255:255:255)",
	"engine":"2300",
	"doors":"5"
},
{
	"registration":"FM63KCN",
	"make":"Toyota",
	"colour":"(255:255:255)",
	"engine":"1400",
	"doors":"5"
},
{
	"registration":"GP53VPW",
	"make":"Honda",
	"colour":"(255:255:255)",
	"engine":"1100",
	"doors":"4"
}]